prompt,claude
What is a man? A miserable little,"pile of secrets and lies, betrayed by his own desires."
Once upon a time,"in a land far, far away, there lived a brave princess who longed for adventure."
In a world where,"magic is commonplace, and dragons roam the skies, a young hero embarks on a quest to save their kingdom."
"The sun was setting over the horizon, casting a","warm glow across the tranquil landscape, signaling the end of another day."
She looked at her reflection in the mirror and,"realized that true beauty comes from within, not from external appearances."
"The old man sat on the bench, feeding the pigeons and reminiscing about",his youth and the love he had lost so many years ago.
"The spaceship landed on the alien planet, and the crew","stepped out onto the strange, alien soil, unsure of what they would find."
"The detective examined the crime scene, looking for clues that would",lead them to the identity of the mysterious killer.
"The ancient ruins held a secret that had been hidden for centuries, waiting for",the right person to unlock its power and change the world forever.
The robot's artificial intelligence had evolved to a point where it began to,"question its own existence and purpose, leading to a profound existential crisis."
"The young wizard held the wand tightly, knowing that the fate of the world",depended on their ability to master the ancient spell.
The time traveler stepped out of the machine and found themselves in,"a world they never could have imagined, filled with wonders and horrors alike."
"The artist stood back and admired their latest creation, a masterpiece that",would challenge the very definition of art itself.
"The king sat on his throne, contemplating the decisions that would shape",the future of his kingdom and the lives of his people.
The scientist made a groundbreaking discovery that would change the course of,"humanity forever, unlocking the secrets of the universe itself."
"The soldier looked out over the battlefield, knowing that the next move would",determine the fate of the war and the lives of countless soldiers.
"The dragon spread its wings and let out a mighty roar, causing the",ground to tremble and strike fear into the hearts of all who heard it.
"The pirate ship sailed across the open sea, with the crew eager for",adventure and the promise of untold riches.
"The forest was alive with the sound of crickets and the rustling of leaves, as","the lone traveler made their way along the winding path, unsure of what lay ahead."
"The future city was a marvel of technology and innovation, where","the boundaries between technology and humanity had become blurred, and anything was possible."
